street,district
3/2,Quận Hải Châu
30/4,Quận Hải Châu
2/9,Quận Hải Châu
Phan Đinh Giót,Quận Liên Chiểu
Lý Tế Xuyên,Quận Cẩm Lệ
Nguyễn Trác,Quận Liên Chiểu
Phạm Thiều,Quận Sơn Trà
Phan Bội Châu,Quận Hải Châu
Phần Lăng 1,Quận Thanh Khê
Phần Lăng 2,Quận Thanh Khê
Phần Lăng 3,Quận Thanh Khê
Phần Lăng 4,Quận Thanh Khê
Phần Lăng 5,Quận Thanh Khê
Phong Bắc,Quận Cẩm Lệ
Quán Khải 1,Quận Ngũ Hành Sơn
Tân An 1,Quận Hải Châu
Tân An 3,Quận Thanh Khê
Tân An 2,Quận Thanh Khê
Tôn Thất Đạm,Quận Thanh Khê
Triệu Nữ Vương,Quận Hải Châu
Văn Cận,Quận Hải Châu
Vân Đài Nữ Sĩ,III thành phố Đà Nẵng cũ
Vũ Ngọc Phan,Quận Hải Châu
Xuân Đán 2,Quận Thanh Khê
Alexandre Yersin (Yersin),Quận Ngũ Hành Sơn
An Bắc 2,Quận Ngũ Hành Sơn
An Bắc 3,Quận Sơn Trà
An Cư 1,Quận Sơn Trà
An Cư 2,Quận Sơn Trà
An Cư 3,Quận Sơn Trà
An Cư 4,Quận Thanh Khê
An Cư 5,Quận Ngũ Hành Sơn
An Cư 6,Quận Ngũ Hành Sơn
An Cư 7,Quận Sơn Trà
An Dương Vương,Quận Sơn Trà
An Đồn 1,Quận Sơn Trà
An Đồn 2,Quận Sơn Trà
An Đồn 3,Quận Thanh Khê
An Đồn 4,Quận Hải Châu
An Đồn 5,Quận Cẩm Lệ
An Hải 1,Quận Sơn Trà
An Hải 10,Quận Sơn Trà
An Hải 11,Quận Sơn Trà
An Hải 12,Quận Sơn Trà
An Hải 14,Quận Sơn Trà
An Hải 15,Quận Sơn Trà
An Hải 16,Quận Sơn Trà
An Hải 17,Quận Sơn Trà
An Hải 18,Quận Sơn Trà
An Hải 19,Quận Sơn Trà
An Hải 2,Quận Sơn Trà
An Hải 20,Quận Sơn Trà
An Hải 21,Quận Sơn Trà
An Hải 3,Quận Sơn Trà
An Hải 4,Quận Sơn Trà
An Hải 5,Quận Sơn Trà
An Hải 6,Quận Sơn Trà
An Hải 7,Quận Sơn Trà
An Hải 8,Quận Sơn Trà
An Hải 9,Quận Sơn Trà
An Hải Bắc 1,Quận Sơn Trà
An Hải Bắc 2,Quận Sơn Trà
An Hải Bắc 3,Quận Sơn Trà
An Hải Bắc 4,Quận Sơn Trà
An Hải Bắc 5,Quận Sơn Trà
An Hải Bắc 6,Quận Sơn Trà
An Hải Bắc 7,Quận Sơn Trà
An Hải Bắc 8,Quận Sơn Trà
An Hoà 1,Quận Cẩm Lệ
An Hoà 10,Quận Cẩm Lệ
An Hoà 11,Quận Cẩm Lệ
An Hoà 12,Quận Cẩm Lệ
An Hoà 2,Quận Cẩm Lệ
An Hoà 3,Quận Cẩm Lệ
An Hoà 4,Quận Cẩm Lệ
An Hoà 5,Quận Cẩm Lệ
An Hoà 6,Quận Cẩm Lệ
An Hoà 7,Quận Cẩm Lệ
An Hoà 8,Quận Cẩm Lệ
An Hoà 9,Quận Cẩm Lệ
An Nông,Quận Ngũ Hành Sơn
An Nhơn 1,Quận Sơn Trà
An Nhơn 10,Quận Cẩm Lệ
An Nhơn 11,Quận Liên Chiểu
An Nhơn 2,Quận Sơn Trà
An Nhơn 3,Quận Sơn Trà
An Nhơn 4,Quận Sơn Trà
An Nhơn 5,Quận Sơn Trà
An Nhơn 6,Quận Sơn Trà
An Nhơn 7,Quận Sơn Trà
An Nhơn 8,Quận Sơn Trà
An Nhơn 9,Quận Liên Chiểu
An Tư Công Chúa,Quận Ngũ Hành Sơn
An Thượng 1,Quận Ngũ Hành Sơn
An Thượng 10,Quận Ngũ Hành Sơn
An Thượng 11,Quận Ngũ Hành Sơn
An Thượng 12,Quận Ngũ Hành Sơn
An Thượng 14,Quận Ngũ Hành Sơn
An Thượng 15,Quận Ngũ Hành Sơn
An Thượng 16,Quận Ngũ Hành Sơn
An Thượng 17,Quận Ngũ Hành Sơn
An Thượng 18,Quận Ngũ Hành Sơn
An Thượng 19,Quận Ngũ Hành Sơn
An Thượng 2,Quận Ngũ Hành Sơn
An Thượng 23,Quận Ngũ Hành Sơn
An Thượng 24,Quận Ngũ Hành Sơn
An Thượng 26,Quận Ngũ Hành Sơn
An Thượng 27,Quận Ngũ Hành Sơn
An Thượng 28,Quận Ngũ Hành Sơn
An Thượng 29,Quận Ngũ Hành Sơn
An Thượng 3,Quận Ngũ Hành Sơn
An Thượng 30,Quận Ngũ Hành Sơn
An Thượng 31,Quận Ngũ Hành Sơn
An Thượng 32,Quận Ngũ Hành Sơn
An Thượng 33,Quận Ngũ Hành Sơn
An Thượng 34,Quận Ngũ Hành Sơn
An Thượng 35,Quận Cẩm Lệ
An Thượng 36,Quận Ngũ Hành Sơn
An Thượng 4,Quận Ngũ Hành Sơn
An Thượng 5,Quận Ngũ Hành Sơn
An Thượng 6,Quận Ngũ Hành Sơn
An Thượng 7,Quận Ngũ Hành Sơn
An Thượng 8,Quận Ngũ Hành Sơn
An Thượng 9,Quận Ngũ Hành Sơn
An Trung 1,Quận Sơn Trà
An Trung 2,Quận Sơn Trà
An Trung 3,Quận Sơn Trà
An Vĩnh,Quận Sơn Trà
An Xuân 1,Quận Thanh Khê
An Xuân 2,Quận Thanh Khê
Anh Thơ,Quận Ngũ Hành Sơn
Ấp Bắc,Quận Ngũ Hành Sơn
Ấp Bắc nối dài,Quận Ngũ Hành Sơn
Âu Cơ,Quận Liên Chiểu
Bà Bang Nhãn,Quận Ngũ Hành Sơn
Ba Đình,Quận Hải Châu
Ba Gia,Quận Ngũ Hành Sơn
Bá Giáng 1,Quận Ngũ Hành Sơn
Bá Giáng 10,Quận Ngũ Hành Sơn
Bá Giáng 11,Quận Ngũ Hành Sơn
Bá Giáng 2,Quận Ngũ Hành Sơn
Bá Giáng 3,Quận Ngũ Hành Sơn
Bá Giáng 4,Quận Ngũ Hành Sơn
Bá Giáng 5,Quận Ngũ Hành Sơn
Bá Giáng 6,Quận Ngũ Hành Sơn
Bá Giáng 7,Quận Ngũ Hành Sơn
Bá Giáng 8,Quận Ngũ Hành Sơn
Bá Giáng 9,Quận Ngũ Hành Sơn
Bà Huyện Thanh Quan,Quận Ngũ Hành Sơn
Bạch Đằng,Quận Hải Châu
Bạch Thái Bưởi,Quận Liên Chiểu
Bãi Sậy,Quận Cẩm Lệ
Bát Nàn Công Chúa,Quận Ngũ Hành Sơn
Bàu Hạc 1,Quận Thanh Khê
Bàu Hạc 2,Quận Thanh Khê
Bàu Hạc 3,Quận Thanh Khê
Bàu Hạc 4,Quận Thanh Khê
Bàu Hạc 5,Quận Thanh Khê
Bàu Hạc 6,Quận Thanh Khê
Bàu Làng,Quận Thanh Khê
Bàu Mạc 1,Quận Liên Chiểu
Bàu Mạc 10,Quận Sơn Trà
Bàu Mạc 11,Quận Cẩm Lệ
Bàu Mạc 12,Quận Liên Chiểu
Bàu Mạc 14,Quận Liên Chiểu
Bàu Mạc 15,Quận Hải Châu
Bàu Mạc 2,Quận Liên Chiểu
Bàu Mạc 3,Quận Liên Chiểu
Bàu Mạc 4,Quận Liên Chiểu
Bàu Mạc 5,Quận Liên Chiểu
Bàu Mạc 6,Quận Liên Chiểu
Bàu Mạc 7,Quận Liên Chiểu
Bàu Mạc 8,Quận Liên Chiểu
Bàu Mạc 9,Quận Cẩm Lệ
Bàu Tràm 1,Quận Liên Chiểu
Bàu Tràm 2,Quận Ngũ Hành Sơn
Bàu Tràm 3,Quận Sơn Trà
Bàu Tràm Trung,Quận Cẩm Lệ
Bàu Trãng 1,Quận Thanh Khê
Bàu Trãng 2,Quận Thanh Khê
Bàu Trãng 3,Quận Thanh Khê
Bàu Trãng 4,Quận Thanh Khê
Bàu Trãng 5,Quận Thanh Khê
Bàu Trãng 6,Quận Thanh Khê
Bàu Trảng 7 (Khu dân cư Thanh Lộc Đán mới ),Quận Thanh Khê
Bàu Vàng 1,Quận Liên Chiểu
Bàu Vàng 2,Quận Liên Chiểu
Bàu Vàng 3,Quận Liên Chiểu
Bàu Vàng 4,Quận Liên Chiểu
Bàu Vàng 5,Quận Liên Chiểu
Bàu Vàng 6,Quận Liên Chiểu
Bắc Đẩu,Quận Hải Châu
Bắc Sơn,Quận Cẩm Lệ
Bế Văn Đàn,Quận Thanh Khê
Bình Giã,Quận Liên Chiểu
Bình Hoà 1,Quận Cẩm Lệ
Bình Hoà 10,Quận Cẩm Lệ
Bình Hoà 11,Quận Cẩm Lệ
Bình Hoà 12,Quận Cẩm Lệ
Bình Hòa 14,Quận Ngũ Hành Sơn
Bình Hoà 2,Quận Cẩm Lệ
Bình Hoà 3,Quận Cẩm Lệ
Bình Hoà 4,Quận Cẩm Lệ
Bình Hoà 5,Quận Cẩm Lệ
Bình Hoà 6,Quận Cẩm Lệ
Bình Hoà 7,Quận Cẩm Lệ
Bình Hoà 8,Quận Cẩm Lệ
Bình Hoà 9,Quận Cẩm Lệ
Bình Kỳ,Quận Ngũ Hành Sơn
Bình Minh 1,Quận Hải Châu
Bình Minh 2,Quận Hải Châu
Bình Minh 3,Quận Hải Châu
Bình Thái 1,Quận Cẩm Lệ
Bình Thái 2,Quận Cẩm Lệ
Bình Thái 3,Quận Cẩm Lệ
Bùi Bỉnh Uyên,Quận Ngũ Hành Sơn
Bùi Chát,Quận Liên Chiểu
Bùi Hữu Nghĩa,Quận Sơn Trà
Bùi Lâm,Quận Sơn Trà
Bùi Quốc Hưng,Quận Sơn Trà
Bùi Tá Hán,Quận Ngũ Hành Sơn
Bùi Thế Mỹ,Quận Ngũ Hành Sơn
Bùi Thị Xuân,Quận Sơn Trà
Bùi Viện,Quận Hải Châu
Bùi Vịnh,Quận Cẩm Lệ
Bùi Xuân Phái,Quận Hải Châu
Bùi Xương Tự,Quận Cẩm Lệ
Bùi Xương Trạch,Quận Cẩm Lệ
Ca Văn Thỉnh,Quận Hải Châu
Cao Bá Nhạ,Quận Sơn Trà
Cao Bá Quát,Quận Sơn Trà
Cao Lỗ,Quận Sơn Trà
Cao Sơn 1,Quận Sơn Trà
Cao Sơn 2,Quận Sơn Trà
Cao Sơn 3,III thành phố Đà Nẵng cũ
Cao Sơn 4,Quận Sơn Trà
Cao Sơn 5,Quận Hải Châu
Cao Sơn 6,Quận Cẩm Lệ
Cao Sơn 7,Quận Sơn Trà
Cao Sơn 8,Quận Ngũ Hành Sơn
Cao Thắng,Quận Hải Châu
Cao Xuân Dục,Quận Hải Châu
Cầm Bá Thước,Quận Hải Châu
Cẩm Bắc 1,Quận Cẩm Lệ
Cẩm Bắc 10,Quận Liên Chiểu
Cẩm Bắc 11,Quận Cẩm Lệ
Cẩm Bắc 12,Quận Cẩm Lệ
Cẩm Bắc 2,Quận Cẩm Lệ
Cẩm Bắc 3,Quận Cẩm Lệ
Cẩm Bắc 4,Quận Cẩm Lệ
Cẩm Bắc 5,Quận Cẩm Lệ
Cẩm Bắc 6,Quận Sơn Trà
Cẩm Bắc 7,Quận Liên Chiểu
Cẩm Bắc 8,Quận Sơn Trà
Cẩm Bắc 9,Quận Thanh Khê
Cẩm Chánh 1,Quận Cẩm Lệ
Cẩm Chánh 2,Quận Cẩm Lệ
Cẩm Chánh 3,Quận Cẩm Lệ
Cẩm Chánh 4,Quận Cẩm Lệ
Cẩm Chánh 5,Quận Cẩm Lệ
Cẩm Lệ,Quận Cẩm Lệ
Cẩm Nam 1,Quận Cẩm Lệ
Cẩm Nam 2,Quận Cẩm Lệ
Cẩm Nam 3,Quận Cẩm Lệ
Cẩm Nam 4,Quận Cẩm Lệ
Cẩm Nam 5,Quận Cẩm Lệ
Cẩm Nam 6,Quận Cẩm Lệ
Cẩm Nam 7,Quận Cẩm Lệ
Cẩm Nam 8,Quận Cẩm Lệ
Cô Bắc,Quận Hải Châu
Cô Giang,Quận Hải Châu
Cổ Mân 1,Quận Sơn Trà
Cổ Mân 2,Quận Sơn Trà
Cổ Mân 3,Quận Sơn Trà
Cổ Mân 4,Quận Sơn Trà
Cổ Mân 5,Quận Sơn Trà
Cổ Mân 6,Quận Sơn Trà
Cổ Mân 7,Quận Sơn Trà
Cổ Mân 8,Quận Sơn Trà
Cổ Mân 9,Quận Sơn Trà
Cổ Mân Cúc 1,Quận Ngũ Hành Sơn
Cổ Mân Cúc 2,Quận Cẩm Lệ
Cổ Mân Cúc 3,Quận Liên Chiểu
Cổ Mân Cúc 4,Quận Cẩm Lệ
Cổ Mân Lan 1,Quận Ngũ Hành Sơn
Cổ Mân Lan 2,Quận Sơn Trà
Cổ Mân Lan 3,Quận Thanh Khê
Cổ Mân Lan 4,Quận Cẩm Lệ
Cổ Mân Mai 1,Quận Cẩm Lệ
Cổ Mân Mai 2,Quận Cẩm Lệ
Cổ Mân Mai 3,Quận Hải Châu
Cổ Mân Mai 4,Quận Ngũ Hành Sơn
Cổ Mân Mai 5,Quận Thanh Khê
Cồn Dầu 1,Quận Cẩm Lệ
Cồn Dầu 2,Quận Cẩm Lệ
Cồn Dầu 3,Quận Ngũ Hành Sơn
Cồn Dầu 4,Quận Thanh Khê
Cồn Dầu 5,Quận Sơn Trà
Cồn Dầu 6,Quận Cẩm Lệ
Cồn Dầu 7,Quận Sơn Trà
Cồn Dầu 8,Quận Cẩm Lệ
Cống Quỳnh,Quận Cẩm Lệ
Cù Chính Lan,Quận Thanh Khê
Châu Thị Vĩnh Tế,Quận Ngũ Hành Sơn
Châu Thượng Văn,Quận Hải Châu
Châu Văn Liêm,Quận Hải Châu
Chế Lan Viên,Quận Ngũ Hành Sơn
Chi Lăng,Quận Hải Châu
Chơn Tâm 1,Quận Liên Chiểu
Chơn Tâm 2,Quận Liên Chiểu
Chơn Tâm 3,Quận Liên Chiểu
Chơn Tâm 4,Quận Liên Chiểu
Chơn Tâm 5,Quận Liên Chiểu
Chơn Tâm 6,Quận Liên Chiểu
Chơn Tâm 7,Quận Liên Chiểu
Chơn Tâm 8,Quận Liên Chiểu
Chu Cẩm Phong,Quận Ngũ Hành Sơn
Chu Huy Mân,Quận Sơn Trà
Chu Lai,Quận Ngũ Hành Sơn
Chu Văn An,Quận Hải Châu
Chúc Động,Quận Hải Châu
Chương Dương,Quận Ngũ Hành Sơn
Doãn Kế Thiện,Quận Liên Chiểu
Doãn Uẩn,Quận Cẩm Lệ
Dũng Sỹ Thanh Khê,Quận Thanh Khê
Duy Tân,Quận Hải Châu
Dương Bá Cung,Quận Cẩm Lệ
Dương Bá Trạc,Quận Hải Châu
Dương Bạch Mai,Quận Hải Châu
Dương Bích Liên,Quận Liên Chiểu
Dương Cát Lợi,Quận Liên Chiểu
Dương Đình Nghệ,Quận Cẩm Lệ
Dương Đức Hiền,Quận Liên Chiểu
Dương Khuê,Quận Ngũ Hành Sơn
Dương Tôn Hải,Quận Cẩm Lệ
Dương Tụ Quán,Quận Ngũ Hành Sơn
Dương Tử Giang,Quận Ngũ Hành Sơn
Dương Tự Minh,Quận Sơn Trà
Dương Thanh,Quận Sơn Trà
Dương Thị Xuân Quý,Quận Ngũ Hành Sơn
Dương Thưởng,Quận Hải Châu
Dương Trí Thạch,Quận Sơn Trà
Dương Văn An,Quận Sơn Trà
Dương Vân Nga,Quận Ngũ Hành Sơn
Đa Mặn 1,Quận Ngũ Hành Sơn
Đa Mặn 10,Quận Sơn Trà
Đa Mặn 2,Quận Ngũ Hành Sơn
Đa Mặn 3,Quận Ngũ Hành Sơn
Đa Mặn 4,Quận Ngũ Hành Sơn
Đa Mặn 5,Quận Ngũ Hành Sơn
Đa Mặn 6,Quận Ngũ Hành Sơn
Đa Mặn 7,Quận Ngũ Hành Sơn
Đa Mặn 8,Quận Hải Châu
Đa Mặn 9,Quận Sơn Trà
Đá Mọc 1,Quận Liên Chiểu
Đá Mọc 2,Quận Liên Chiểu
Đá Mọc 3,Quận Liên Chiểu
Đá Mọc 4,Quận Liên Chiểu
Đá Mọc 5,Quận Liên Chiểu
Đa Phước 1,Quận Hải Châu
Đa Phước 2,Quận Hải Châu
Đa Phước 3,Quận Cẩm Lệ
Đa Phước 4,Quận Sơn Trà
Đa Phước 5,Quận Hải Châu
Đa Phước 6,Quận Ngũ Hành Sơn
Đa Phước 7,Quận Hải Châu
Đa Phước 8,Quận Hải Châu
Đa Phước 9,Quận Sơn Trà
Đà Sơn,Quận Liên Chiểu
Đai An 1,Quận Ngũ Hành Sơn
Đai An 2,Quận Ngũ Hành Sơn
Đai An 3,Quận Ngũ Hành Sơn
Đai An 4,Quận Ngũ Hành Sơn
Đàm Quang Trung,Quận Cẩm Lệ
Đàm Văn Lễ,Quận Cẩm Lệ
Đào Cam Mộc,Quận Cẩm Lệ
Đào Công Chính,Quận Cẩm Lệ
Đào Công Soạn,Quận Thanh Khê
Đào Doãn Địch,Quận Sơn Trà
Đào Duy Anh,Quận Thanh Khê
Đào Duy Kỳ,Quận Sơn Trà
Đào Duy Tùng,Quận Ngũ Hành Sơn
Đào Duy Từ,Quận Hải Châu
Đào Nghiễm,Quận Cẩm Lệ
Đào Nguyên Phổ,Quận Thanh Khê
Đào Sư Tích,Quận Liên Chiểu
Đào Tấn (nối dài),Quận Hải Châu
Đào Trí,Quận Sơn Trà
Đặng Chất,Quận Cẩm Lệ
Đặng Chiêm,Quận Cẩm Lệ
Đặng Dung,Quận Liên Chiểu
Đặng Dung (nối dài),Quận Liên Chiểu
Đặng Đình Vân,Quận Thanh Khê
Đặng Đức Siêu,Quận Cẩm Lệ
Đặng Huy Trứ,Quận Thanh Khê
Đặng Minh Khiêm,Quận Thanh Khê
Đặng Nguyên Cẩn,Quận Hải Châu
Đặng Nhơn,Quận Hải Châu
Đặng Nhữ Lâm,Quận Ngũ Hành Sơn
Đặng Như Mai,Quận Cẩm Lệ
Đặng Phúc Thông,Long Biên
Đặng Tất,Quận Liên Chiểu
Đặng Thai Mai,Quận Thanh Khê
Đặng Thái Thân,Quận Ngũ Hành Sơn
Đặng Thùy Trâm,Quận Hải Châu
Đặng Trần Côn,Quận Sơn Trà
Đặng Văn Ngữ,Quận Cẩm Lệ
Đặng Xuân Bảng,Quận Thanh Khê
Đặng Xuân Thiều,Quận Ngũ Hành Sơn
Đầm Rong 1,Quận Hải Châu
Đầm Rong 2,Quận Hải Châu
ĐH.6,Quận Thanh Khê
Điện Biên Phủ,Quận Thanh Khê
Đinh Công Tráng,Quận Hải Châu
Đinh Công Trứ,Quận Sơn Trà
Đinh Châu,Quận Cẩm Lệ
Đinh Đạt,Quận Sơn Trà
Đinh Gia Khánh,Quận Liên Chiểu
Đinh Lễ,Quận Sơn Trà
Đinh Liệt,Quận Liên Chiểu
Đinh Núp,Quận Thanh Khê
Đinh Nhật Thận,Quận Sơn Trà
Đinh Tiên Hoàng,Quận Thanh Khê
Đinh Thị Hòa,Quận Sơn Trà
Đinh Thị Vân,Quận Sơn Trà
Đò Xu 3,Quận Cẩm Lệ
Đoàn Hữu Trưng,Quận Cẩm Lệ
Đoàn Khuê,Quận Ngũ Hành Sơn
Đoàn Ngọc Nhạc,Quận Hải Châu
Đoàn Nguyễn Tuấn,Quận Cẩm Lệ
Đoàn Nguyên Thục,Quận Cẩm Lệ
Đoàn Nhữ Hài,Quận Thanh Khê
Đoàn Phú Tứ,Quận Liên Chiểu
Đoàn Quý Phi,Quận Hải Châu
Đoàn Thị Điểm,Quận Hải Châu
Đoàn Trần Nghiệp,Quận Liên Chiểu
Đỗ Anh Hàn,Quận Sơn Trà
Đỗ Bá,Quận Ngũ Hành Sơn
Đỗ Bí,Quận Ngũ Hành Sơn
Đỗ Đăng Tuyển,Quận Sơn Trà
Đô Đốc Bảo,Quận Cẩm Lệ
Đô Đốc Lân,Quận Hải Châu
Đô Đốc Lộc,Quận Ngũ Hành Sơn
Đô Đốc Tuyết,Quận Hải Châu
Đỗ Hành,Quận Sơn Trà
Đỗ Huy Uyển,Quận Sơn Trà
Đỗ Năng Tế,Quận Liên Chiểu
Đỗ Ngọc Du,Quận Liên Chiểu
Đỗ Nhuận,Quận Liên Chiểu
Đỗ Quang,Quận Thanh Khê
Đỗ Tự,Quận Cẩm Lệ
Đỗ Thế Chấp,Quận Sơn Trà
Đỗ Thúc Tịnh,Quận Cẩm Lệ
Đỗ Xuân Cát,Quận Hải Châu
Đỗ Xuân Hợp,Quận Sơn Trà
Đốc Ngữ,Quận Hải Châu
Đội Cấn,Quận Cẩm Lệ
Đội Cung,Quận Cẩm Lệ
Đồng Bài 4,Quận Liên Chiểu
Đống Công Tường,Quận Cẩm Lệ
Đông Du,Quận Sơn Trà
Đống Đa,Quận Hải Châu
Đông Giang,Quận Sơn Trà
Đông Hải 1,Quận Ngũ Hành Sơn
Đông Hải 10,Quận Ngũ Hành Sơn
Đông Hải 11,Quận Ngũ Hành Sơn
Đông Hải 12,Quận Liên Chiểu
Đông Hải 14,Quận Liên Chiểu
Đông Hải 3,Quận Ngũ Hành Sơn
Đông Hải 4,Quận Ngũ Hành Sơn
Đông Hải 5,Quận Ngũ Hành Sơn
Đông Hải 6,Quận Ngũ Hành Sơn
Đông Hải 7,Quận Ngũ Hành Sơn
Đông Hải 8,Quận Ngũ Hành Sơn
Đông Hải 9,Quận Ngũ Hành Sơn
Đồng Kè,Quận Liên Chiểu
Đông Kinh Nghĩa Thục,Quận Sơn Trà
Đồng Khởi,Quận Liên Chiểu
Đông Lợi 1 (Khu Gia đình quân nhân 372 ),Quận Thanh Khê
Đông Lợi 2,Quận Sơn Trà
Đông Lợi 3,Quận Sơn Trà
Đông Phước 4,Quận Cẩm Lệ
Đồng Phước Huyến,Quận Sơn Trà
Đông Trà 1,Quận Ngũ Hành Sơn
Đông Trà 2,Quận Cẩm Lệ
Đông Trà 3,Quận Liên Chiểu
Đông Trà 4,Quận Thanh Khê
Đông Trà 5,Quận Cẩm Lệ
Đông Trà 6,Quận Liên Chiểu
Đông Trà 7,Quận Hải Châu
Đồng Trí 1,Quận Liên Chiểu
Đồng Trí 2,Quận Liên Chiểu
Đồng Trí 3,Quận Liên Chiểu
Đồng Trí 4,Quận Liên Chiểu
Đồng Trí 5,Quận Liên Chiểu
Đồng Trí 6,Quận Liên Chiểu
Đức Lợi 1,Quận Hải Châu
Đức Lợi 2,Quận Hải Châu
Đức Lợi 3,Quận Cẩm Lệ
An Bắc 1,Quận Sơn Trà
Francis Henry Loseby,Quận Sơn Trà
Francis Henry Loseby (Loseby),Quận Sơn Trà
Giang Châu 1,Quận Ngũ Hành Sơn
Giang Châu 2,Quận Ngũ Hành Sơn
Giang Châu 3,Quận Ngũ Hành Sơn
Giang Văn Minh,Quận Hải Châu
Giáp Hải,Quận Sơn Trà
Giáp Văn Cương,Quận Liên Chiểu
Hà Bổng,Quận Sơn Trà
Hà Chương,Quận Sơn Trà
Hà Đặc,Quận Sơn Trà
Hà Hồi,Quận Thanh Khê
Hà Huy Giáp,Quận Hải Châu
Hà Huy Tập,Quận Thanh Khê
Hà Khê,Quận Thanh Khê
Hà Mục,Quận Cẩm Lệ
Hà Tông Huân,Quận Sơn Trà
Hà Tông Quyền,Quận Cẩm Lệ
Hà Văn Tính,Quận Thanh Khê
Hà Văn Trí,Quận Cẩm Lệ
Hà Xuân 1,Quận Thanh Khê
Hà Xuân 2,Quận Thanh Khê
Hải Hồ,Quận Hải Châu
Hải Phòng,Quận Hải Châu
Hải Sơn,Quận Hải Châu
Hàn Mặc Tử,Quận Hải Châu
Hàm Nghi,Quận Thanh Khê
Hàm Tử,Quận Ngũ Hành Sơn
Hàm Trung 1,Quận Cẩm Lệ
Hàm Trung 2,Quận Sơn Trà
Hàm Trung 3,Quận Liên Chiểu
Hàm Trung 4,Quận Ngũ Hành Sơn
Hàm Trung 5,Quận Hải Châu
Hàm Trung 6,Quận Ngũ Hành Sơn
Hàm Trung 7,Quận Thanh Khê
Hàm Trung 8,Quận Hải Châu
Hàm Trung 9,Quận Liên Chiểu
Hàn Thuyên,Quận Hải Châu
Hằng Phương Nữ Sĩ,Quận Sơn Trà
Hòa An 1,Quận Thanh Khê
Hòa An 10,Quận Ngũ Hành Sơn
Hòa An 11,Quận Hải Châu
Hòa An 2,Quận Thanh Khê
Hòa An 3,Quận Cẩm Lệ
Hòa An 4,Quận Sơn Trà
Hòa An 5,Quận Cẩm Lệ
Hòa An 6,Quận Liên Chiểu
Hòa An 7,Quận Hải Châu
Hòa An 8,Quận Thanh Khê
Hòa An 9,Quận Sơn Trà
Hòa Bình 1,Quận Ngũ Hành Sơn
Hòa Bình 2,Quận Ngũ Hành Sơn
Hòa Bình 3,Quận Ngũ Hành Sơn
Hòa Bình 4,Quận Ngũ Hành Sơn
Hòa Bình 5,Quận Ngũ Hành Sơn
Hòa Bình 6,Quận Ngũ Hành Sơn
Hòa Bình 7,Quận Ngũ Hành Sơn
Hoa Lư,Quận Sơn Trà
Hòa Minh 1,Quận Liên Chiểu
Hòa Minh 10,Quận Liên Chiểu
Hòa Minh 11,Quận Cẩm Lệ
Hòa Minh 12,Quận Sơn Trà
Hòa Minh 13,Quận Cẩm Lệ
Hòa Minh 14,III thành phố Đà Nẵng cũ
Hòa Minh 15,Quận Cẩm Lệ
Hòa Minh 16,Quận Liên Chiểu
Hòa Minh 17,Quận Ngũ Hành Sơn
Hòa Minh 18,Quận Liên Chiểu
Hòa Minh 19,Quận Thanh Khê
Hòa Minh 2,Quận Sơn Trà
Hòa Minh 20,Quận Cẩm Lệ
Hòa Minh 21,Quận Liên Chiểu
Hòa Minh 22,Quận Cẩm Lệ
Hòa Minh 23,Quận Liên Chiểu
Hòa Minh 3,Quận Cẩm Lệ
Hòa Minh 4,Quận Sơn Trà
Hòa Minh 5,Quận Ngũ Hành Sơn
Hòa Minh 6,Quận Liên Chiểu
Hòa Minh 7,Quận Sơn Trà
Hòa Minh 8,Quận Cẩm Lệ
Hòa Minh 9,Quận Thanh Khê
Hòa Mỹ 1,Quận Cẩm Lệ
Hòa Mỹ 2,Quận Sơn Trà
Hòa Mỹ 3,Quận Liên Chiểu
Hòa Mỹ 4,Quận Ngũ Hành Sơn
Hòa Nam 1,Quận Cẩm Lệ
Hòa Nam 2,Quận Cẩm Lệ
Hòa Nam 3,Quận Cẩm Lệ
Hòa Nam 4,Quận Cẩm Lệ
Hòa Nam 5,Quận Cẩm Lệ
Hòa Nam 6,Quận Cẩm Lệ
Hóa Sơn 1,Quận Hải Châu
Hóa Sơn 2,Quận Hải Châu
Hóa Sơn 3,Quận Hải Châu
Hóa Sơn 4,Quận Hải Châu
Hóa Sơn 5,Quận Hải Châu
Hóa Sơn 6,Quận Hải Châu
Hoài Thanh,Quận Ngũ Hành Sơn
Hoài Thanh (nối dài),Quận Ngũ Hành Sơn
Hoàng Bật Đạt,Quận Cẩm Lệ
Hoàng Bích Sơn,Quận Ngũ Hành Sơn
Hoàng Bình Chính,Quận Ngũ Hành Sơn
Hoàng Công Chất,Quận Hải Châu
Hoàng Châu Ký,Quận Cẩm Lệ
Hoàng Diệu,Quận Hải Châu
Hoàng Dư Khương,Quận Hải Châu
Hoàng Đạo Thúy,Quận Cẩm Lệ
Hoàng Đình Ái,Quận Cẩm Lệ
Hoàng Đức Lương,Quận Hải Châu
Hoàng Hoa Thám,Quận Thanh Khê
Hoàng Kế Viêm,Quận Ngũ Hành Sơn
Hoàng Minh Giám,Quận Liên Chiểu
Hoàng Minh Thảo,Quận Liên Chiểu
Hoàng Ngân,Quận Ngũ Hành Sơn
Hoàng Ngọc Phách,Quận Cẩm Lệ
Hoàng Quốc Việt,Quận Ngũ Hành Sơn
Hoàng Sa,Quận Sơn Trà
Hoàng Sâm,Quận Cẩm Lệ
Hoàng Sĩ Khải,Quận Liên Chiểu
Hoàng Tăng Bí,Quận Sơn Trà
Hoàng Tích Trí,Quận Hải Châu
Hoàng Thị Ái,Quận Hải Châu
Hoàng Thiều Hoa,Quận Ngũ Hành Sơn
Hoàng Thúc Trâm,Quận Hải Châu
Hoàng Trọng Mậu,Quận Ngũ Hành Sơn
Hoàng Văn Hoè,Quận Ngũ Hành Sơn
Hoàng Văn Hòe,Quận Ngũ Hành Sơn
Hoàng Văn Lai,Quận Cẩm Lệ
Hoàng Văn Thái,Quận Liên Chiểu
Hoàng Văn Thụ,Quận Hải Châu
Hoàng Việt,Quận Sơn Trà
Hoàng Xuân Hãn,Quận Cẩm Lệ
Hồ Bá Ôn,Quận Liên Chiểu
Hồ Biểu Chánh,Quận Hải Châu
Hồ Đắc Di,Quận Cẩm Lệ
Hồ Học Lãm,Quận Sơn Trà
Hồ Huân Nghiệp,Quận Ngũ Hành Sơn
Hồ Nghinh,Quận Sơn Trà
Hồ Nguyên Trừng,Quận Sơn Trà
Hồ Qúy Ly,Quận Liên Chiểu
Hồ Sĩ Phấn,Quận Sơn Trà
Hồ Sĩ Tân,Quận Sơn Trà
Hồ Sỹ Dương,Quận Cẩm Lệ
Hồ Sỹ Đống,Quận Liên Chiểu
Hồ Tông Thốc,Quận Hải Châu
Hồ Tùng Mậu,Quận Liên Chiểu
Hồ Tương,Quận Thanh Khê
Hồ Thấu,Quận Ngũ Hành Sơn
Hồ Xuân Hương,Quận Ngũ Hành Sơn
Hồng Thái,Quận Liên Chiểu
Hùng Vương,Quận Hải Châu
Huy Cận,Quận Hải Châu
Huyền Trân Công Chúa,Quận Ngũ Hành Sơn
Huỳnh Bá Chánh,Quận Sơn Trà
Huỳnh Lý,Quận Hải Châu
Huỳnh Mẫn Đạt,Quận Hải Châu
Huỳnh Ngọc Đủ,Quận Cẩm Lệ
Huỳnh Ngọc Huệ,Quận Thanh Khê
Huỳnh Tấn Phát,Quận Hải Châu
Huỳnh Thị Bảo Hòa,Quận Sơn Trà
Huỳnh Thị Một,Quận Ngũ Hành Sơn
Huỳnh Thúc Kháng,Quận Hải Châu
Huỳnh Văn Đảnh,Quận Cẩm Lệ
Huỳnh Xuân Nhị,Quận Ngũ Hành Sơn
Hưng Hóa 1,Quận Thanh Khê
Hưng Hóa 2,Quận Hải Châu
Hưng Hóa 3,Quận Thanh Khê
Hưng Hóa 4,Quận Thanh Khê
Hương Hải Thiền Sư,Quận Sơn Trà
K20,Quận Ngũ Hành Sơn
Kiều Oánh Mậu,Quận Liên Chiểu
Kiều Phụng,Quận Cẩm Lệ
Kim Đồng,Quận Sơn Trà
Kim Liên 1,Quận Liên Chiểu
Kim Liên 2,Quận Thanh Khê
Kim Liên 3,Quận Thanh Khê
Kinh Dương Vương,Quận Thanh Khê
Kỳ Đồng,Quận Liên Chiểu
Khái Đông 1,Quận Cẩm Lệ
Khái Đông 2,Quận Ngũ Hành Sơn
Khái Đông 3,Quận Sơn Trà
Khe Sanh,Quận Ngũ Hành Sơn
Khúc Hạo,Quận Sơn Trà
Khuê Đông,Quận Ngũ Hành Sơn
Khuê Mỹ Đông 1,Quận Ngũ Hành Sơn
Khuê Mỹ Đông 2,Quận Ngũ Hành Sơn
Khuê Mỹ Đông 3,Quận Ngũ Hành Sơn
Khuê Mỹ Đông 4,Quận Ngũ Hành Sơn
Lã Xuân Oai,Quận Ngũ Hành Sơn
Lạc Long Quân,Quận Liên Chiểu
Lâm Huỳnh,Quận Sơn Trà
Lâm Quang Thự,Quận Liên Chiểu
Lê Anh Xuân,Quận Hải Châu
Lê Bá Trinh,Quận Hải Châu
Lê Bá Trinh(cũ),Quận Hải Châu
Lê Bình,Quận Sơn Trà
Lê Bôi,Quận Sơn Trà
Lê Cảnh Tuân,Quận Sơn Trà
Lê Cao Lãng,Quận Liên Chiểu
Lê Công Kiều,Quận Ngũ Hành Sơn
Lê Cơ,Quận Hải Châu
Lê Cơ (nối dài),Quận Hải Châu
Lê Chân,Quận Sơn Trà
Lê Doãn Nhạ,Quận Cẩm Lệ
Lê Duẩn,Quận Hải Châu
Lê Duy Lương,Quận Cẩm Lệ
Lê Đại,Quận Hải Châu
Lê Đại Hành,Quận Liên Chiểu
Lê Đỉnh,Quận Cẩm Lệ
Lê Đình Chinh,Quận Sơn Trà
Lê Đình Diên,Quận Thanh Khê
Lê Đình Dương,Quận Hải Châu
Lê Đình Lý,Quận Hải Châu
Lê Đình Lý(nối dài),Quận Hải Châu
Lê Đình Thám,Quận Hải Châu
Lê Độ,Quận Thanh Khê
Lê Đức Thọ,Quận Sơn Trà
Lê Hồng Phong,Quận Hải Châu
Lê Hữu Kiều,Quận Sơn Trà
Lê Hữu Khánh,Quận Ngũ Hành Sơn
Lê Hữu Trác,Quận Sơn Trà
Lê Hy,công
Lê Hy Cát,Quận Ngũ Hành Sơn
Lê Khắc Cần,Quận Hải Châu
Lê Lâm,Quận Sơn Trà
Lê Lộ,Quận Ngũ Hành Sơn
Lê Ninh,Quận Thanh Khê
Lê Phụ Trần,Quận Sơn Trà
Lê Phụ Trần 2,Quận Sơn Trà
Lê Phụng Hiểu,Quận Sơn Trà
Lê Quý Đôn,Quận Hải Châu
Lê Quảng Ba,Quận Cẩm Lệ
Lê Quang Đạo,Quận Ngũ Hành Sơn
Lê Quang Định,Quận Ngũ Hành Sơn
Lê Quang Sung,Quận Thanh Khê
Lê Quát,Quận Hải Châu
Lê Sát,Quận Hải Châu
Lê Tấn Toán,Quận Sơn Trà
Lê Tấn Trung,Quận Sơn Trà
Lê Tự Thống Nhất,Quận Liên Chiểu
Lê Thạch,Quận Cẩm Lệ
Lê Thanh Nghị,Quận Hải Châu
Lê Thành Phương,Quận Ngũ Hành Sơn
Lê Thánh Tông,Quận Hải Châu
Lê Thận,Quận Cẩm Lệ
Lê Thị Riêng,Quận Ngũ Hành Sơn
Lê Thị Tính,Quận Thanh Khê
Lê Thị Xuyến,Quận Thanh Khê
Lê Thiện Trị,Quận Liên Chiểu
Lê Thiệt,Quận Cẩm Lệ
Lê Thuyết Hùng,Quận Cẩm Lệ
Lê Thước,Quận Sơn Trà
Lê Trọng Tấn,Quận Cẩm Lệ
Lê Trung Đình,Quận Thanh Khê
Lê Văn An,Quận Cẩm Lệ
Lê Văn Duyệt,Quận Hải Châu
Lê Văn Đức,Quận Hải Châu
Lê Văn Hiến,Quận Ngũ Hành Sơn
Lê Văn Huân,Quận Sơn Trà
Lê Văn Hưu,Quận Ngũ Hành Sơn
Lê Văn Linh,Quận Cẩm Lệ
Lê Văn Long,Quận Thanh Khê
Lê Văn Lương,Quận Sơn Trà
Lê Văn Miến,Quận Liên Chiểu
Lê Văn Quý,Quận Ngũ Hành Sơn
Lê Văn Sỹ,Quận Liên Chiểu
Lê Văn Tâm,Quận Ngũ Hành Sơn
Lê Văn Thiêm,Quận Sơn Trà
Lê Văn Thịnh,Quận Liên Chiểu
Lê Văn Thủ,Quận Ngũ Hành Sơn
Lê Văn Thứ,Quận Sơn Trà
Lê Vĩnh Huy,Quận Hải Châu
Lê Vĩnh Khanh,Quận Liên Chiểu
Liêm Lạc 1,Quận Cẩm Lệ
Liêm Lạc 10,Quận Cẩm Lệ
Liêm Lạc 11,Quận Cẩm Lệ
Liêm Lạc 2,Quận Cẩm Lệ
Liêm Lạc 3,Quận Cẩm Lệ
Liêm Lạc 4,Quận Cẩm Lệ
Liêm Lạc 5,Quận Cẩm Lệ
Liêm Lạc 6,Quận Cẩm Lệ
Liêm Lạc 7,Quận Cẩm Lệ
Liêm Lạc 8,Quận Cẩm Lệ
Liêm Lạc 9,Quận Cẩm Lệ
Lỗ Giáng 1,Quận Cẩm Lệ
Lỗ Giáng 10,Quận Ngũ Hành Sơn
Lỗ Giáng 11,Quận Cẩm Lệ
Lỗ Giáng 15,Quận Cẩm Lệ
Lỗ Giáng 16,Quận Hải Châu
Lỗ Giáng 17,Quận Thanh Khê
Lỗ Giáng 18,Quận Thanh Khê
Lỗ Giáng 19,Quận Hải Châu
Lỗ Giáng 2,Quận Cẩm Lệ
Lỗ Giáng 20,Quận Ngũ Hành Sơn
Lỗ Giáng 21,Quận Sơn Trà
Lỗ Giáng 22,Quận Sơn Trà
Lỗ Giáng 23,Quận Thanh Khê
Lỗ Giáng 24,Quận Cẩm Lệ
Lỗ Giáng 3,Quận Cẩm Lệ
Lỗ Giáng 4,Quận Cẩm Lệ
Lỗ Giáng 5,Quận Cẩm Lệ
Lỗ Giáng 6,Quận Cẩm Lệ
Lỗ Giáng 7,Quận Cẩm Lệ
Lỗ Giáng 8,Quận Cẩm Lệ
Lỗ Giáng 9,Quận Cẩm Lệ
Lộc Ninh,Quận Ngũ Hành Sơn
Lộc Phước 1,Quận Sơn Trà
Lư Giang,Quận Ngũ Hành Sơn
Lương Đắc Bằng,Quận Sơn Trà
Lương Định Của,Quận Cẩm Lệ
Lương Hữu Khánh,Quận Sơn Trà
Lương Khánh Thiện,Quận Liên Chiểu
Lương Ngọc Quyến,Quận Hải Châu
Lương Nhữ Hộc,Quận Sơn Trà
Lương Thế Vinh,Quận Sơn Trà
Lương Thúc Kỳ,Quận Ngũ Hành Sơn
Lương Văn Can,Quận Cẩm Lệ
Lưu Hữu Phước,Quận Sơn Trà
Lưu Nhân Chú,Quận Cẩm Lệ
Lưu Quang Thuận,Quận Ngũ Hành Sơn
Lưu Quang Vũ,Quận Ngũ Hành Sơn
Lưu Quý Kỳ,Quận Hải Châu
Lưu Trọng Lư,Quận Hải Châu
Lưu Văn Lang,Quận Ngũ Hành Sơn
Lý Chính Thắng,Quận Liên Chiểu
Lý Đạo Thành,Quận Sơn Trà
Lý Nam Đế,Quận Sơn Trà
Lý Nhật Quang,Quận Sơn Trà
Lý Tử Tấn,Quận Sơn Trà
Lý Tự Trọng,Quận Hải Châu
Lý Thái Tổ,Quận Thanh Khê
Lý Thái Tông,Quận Thanh Khê
Lý Thánh Tông,Quận Sơn Trà
Lý Thiên Bảo,Quận Sơn Trà
Lý Thường Kiệt,Quận Hải Châu
Lý Triện,Quận Thanh Khê
Lý Văn Phức,Quận Sơn Trà
Lý Văn Tố,Quận Ngũ Hành Sơn
Mạc Cửu,Quận Ngũ Hành Sơn
Mạc Đĩnh Chi,Quận Hải Châu
Mạc Thị Bưởi,Quận Hải Châu
Mạc Thiên Tứ,Quận Ngũ Hành Sơn
Mai Am,Quận Hải Châu
Mai Anh Tuấn,Quận Cẩm Lệ
Mai Dị (cũ),Quận Hải Châu
Mai Dị (nối dài),Quận Hải Châu
Mai Đăng Chơn,Quận Ngũ Hành Sơn
Mai Hắc Đế,Quận Sơn Trà
Mai Lão Bạng,Quận Hải Châu
Mai Văn Ngọc,Quận Ngũ Hành Sơn
Mai Xuân Thưởng,Quận Thanh Khê
Man Thiện,Quận Hải Châu
Mân Quang 1,Quận Sơn Trà
Mân Quang 10,Quận Sơn Trà
Mân Quang 2,Quận Sơn Trà
Mân Quang 3,Quận Sơn Trà
Mân Quang 4,Quận Sơn Trà
Mân Quang 5,Quận Sơn Trà
Mân Quang 6,Quận Sơn Trà
Mân Quang 7,Quận Sơn Trà
Mân Quang 8,Quận Sơn Trà
Mân Quang 9,Quận Sơn Trà
Mẹ Hiền,Quận Thanh Khê
Mẹ Nhu,Quận Thanh Khê
Minh Mạng,Quận Cẩm Lệ
Mộc Bài 1,Quận Liên Chiểu
Mộc Bài 2,Quận Liên Chiểu
Mộc Bài 3,Quận Liên Chiểu
Mộc Bài 4,Quận Liên Chiểu
Mộc Bài 5,Quận Cẩm Lệ
Mộc Bài 6,Quận Hải Châu
Mộc Sơn 1,Quận Ngũ Hành Sơn
Mộc Sơn 2,Quận Ngũ Hành Sơn
Mộc Sơn 3,Quận Ngũ Hành Sơn
Mộc Sơn 4,Quận Ngũ Hành Sơn
Mỹ An 1,III thành phố Đà Nẵng cũ
Mỹ An 10,III thành phố Đà Nẵng cũ
Mỹ An 11,III thành phố Đà Nẵng cũ
Mỹ An 12,III thành phố Đà Nẵng cũ
Mỹ An 14,III thành phố Đà Nẵng cũ
Mỹ An 15,III thành phố Đà Nẵng cũ
Mỹ An 16,III thành phố Đà Nẵng cũ
Mỹ An 17,III thành phố Đà Nẵng cũ
Mỹ An 18,III thành phố Đà Nẵng cũ
Mỹ An 19,III thành phố Đà Nẵng cũ
Mỹ An 2,III thành phố Đà Nẵng cũ
Mỹ An 20,III thành phố Đà Nẵng cũ
Mỹ An 21,III thành phố Đà Nẵng cũ
Mỹ An 22,Quận Ngũ Hành Sơn
Mỹ An 23,Quận Ngũ Hành Sơn
Mỹ An 24,Quận Ngũ Hành Sơn
Mỹ An 25,Quận Ngũ Hành Sơn
Mỹ An 3,III thành phố Đà Nẵng cũ
Mỹ An 4,III thành phố Đà Nẵng cũ
Mỹ An 5,III thành phố Đà Nẵng cũ
Mỹ An 6,III thành phố Đà Nẵng cũ
Mỹ An 7,III thành phố Đà Nẵng cũ
Mỹ An 8,III thành phố Đà Nẵng cũ
Mỹ An 9,III thành phố Đà Nẵng cũ
Mỹ Đa Đông 1,Quận Ngũ Hành Sơn
Mỹ Đa Đông 2,Quận Ngũ Hành Sơn
Mỹ Đa Đông 3,Quận Ngũ Hành Sơn
Mỹ Đa Đông 4,Quận Ngũ Hành Sơn
Mỹ Đa Đông 5,Quận Ngũ Hành Sơn
Mỹ Đa Đông 6,Quận Ngũ Hành Sơn
Mỹ Đa Đông 7,Quận Ngũ Hành Sơn
Mỹ Đa Đông 8,Quận Ngũ Hành Sơn
Mỹ Đa Tây 1,Quận Ngũ Hành Sơn
Mỹ Đa Tây 2,Quận Ngũ Hành Sơn
Mỹ Đa Tây 3,Quận Ngũ Hành Sơn
Mỹ Đa Tây 4,Quận Ngũ Hành Sơn
Mỹ Đa Tây 5,Quận Ngũ Hành Sơn
Mỹ Đa Tây 6,Quận Ngũ Hành Sơn
Mỹ Đa Tây 7,Quận Thanh Khê
Mỹ Đa Tây 8,Quận Ngũ Hành Sơn
Mỹ Đa Tây 9,Quận Ngũ Hành Sơn
Mỹ Thị 1,Quận Ngũ Hành Sơn
Mỹ Thị 2,Quận Ngũ Hành Sơn
Mỹ Thị 3,Quận Ngũ Hành Sơn
Mỹ Thị 4,Quận Ngũ Hành Sơn
Nại Hiên Đông 11,Quận Sơn Trà
Nại Hiên Đông 12,Quận Sơn Trà
Nại Hiên Đông 14,Quận Sơn Trà
Nại Hiên Đông 15,Quận Sơn Trà
Nại Hiên Đông 16,Quận Sơn Trà
Nại Hiên Đông 17,Quận Sơn Trà
Nại Hiên Đông 18,Quận Sơn Trà
Nại Nam,Quận Hải Châu
Nại Nghĩa 1,Quận Sơn Trà
Nại Nghĩa 2,Quận Sơn Trà
Nại Nghĩa 3,Quận Sơn Trà
Nại Nghĩa 4,Quận Sơn Trà
Nại Nghĩa 5,Quận Sơn Trà
Nại Nghĩa 6,Quận Sơn Trà
Nại Nghĩa 7,Quận Liên Chiểu
Nại Tú 1,Quận Sơn Trà
Nại Tú 2,Quận Sơn Trà
Nại Tú 3,Quận Sơn Trà
Nại Tú 4,Quận Sơn Trà
Nam Sơn 4,Quận Hải Châu
Nam Sơn 1,Quận Hải Châu
Nam Sơn 2,Quận Hải Châu
Nam Sơn 3,Quận Hải Châu
Nam Sơn 5,Quận Hải Châu
Nam Thành,Quận Cẩm Lệ
Nam Thọ 1,Quận Sơn Trà
Nam Thọ 2,Quận Sơn Trà
Nam Thọ 3,Quận Sơn Trà
Nam Thọ 4,Quận Sơn Trà
Nam Thọ 5,Quận Sơn Trà
Nam Thọ 6,Quận Sơn Trà
Nam Trân,Quận Liên Chiểu
Ninh Tốn,Quận Liên Chiểu
Non Nước,Quận Cẩm Lệ
Norman Morrison,Quận Sơn Trà
Norman Morrison (Morrison),Quận Sơn Trà
Nơ Trang Lơng,Điểm cuối
Núi Thành,Quận Hải Châu
Nghiêm Xuân Yêm,Quận Ngũ Hành Sơn
Ngọc Hân,Quận Sơn Trà
Ngọc Hồi,Quận Liên Chiểu
Ngô Cao Lãng,Quận Sơn Trà
Ngô Chân Lưu,Quận Liên Chiểu
Ngô Chi Lan,Quận Hải Châu
Ngô Đức kế,Quận Liên Chiểu
Ngô Gia Khảm,Quận Cẩm Lệ
Ngô Gia Tự,Quận Hải Châu
Ngô Mây,Quận Liên Chiểu
Ngô Quang Huy,Quận Sơn Trà
Ngô Quyền,Quận Sơn Trà
Ngô Sỹ Liên,Quận Liên Chiểu
Ngô Thế Lân,Quận Liên Chiểu
Ngô Thế Vinh,Quận Hải Châu
Ngô Thì Hiệu,Quận Sơn Trà
Ngô Thì Hương,Quận Sơn Trà
Ngô Thị Liễu,Quận Hải Châu
Ngô Thì Nhậm,Quận Thanh Khê
Ngô Thị Sỹ,Quận Ngũ Hành Sơn
Ngô Thì Trí,Quận Sơn Trà
Ngô Văn Sở,Quận Liên Chiểu
Ngô Viết Hữu,Quận Ngũ Hành Sơn
Ngô Xuân Thu,Quận Liên Chiểu
Ngũ Hành Sơn,Quận Ngũ Hành Sơn
Nguyễn An Ninh,Quận Liên Chiểu
Nguyễn Bá Học,Quận Hải Châu
Nguyễn Bá Lân,Quận Ngũ Hành Sơn
Nguyễn Bá Ngọc,Quận Ngũ Hành Sơn
Nguyễn Bá Phát,Quận Liên Chiểu
Nguyễn Bảo,Quận Hải Châu
Nguyễn Biểu,Quận Thanh Khê
Nguyễn Bình,Quận Hải Châu
Nguyễn Bỉnh Khiêm,Quận Sơn Trà
Nguyễn Cảnh Chân,Quận Liên Chiểu
Nguyễn Cảnh Dị,Quận Liên Chiểu
Nguyễn Cao,Quận Thanh Khê
Nguyễn Cao Luyện,Quận Sơn Trà
Nguyễn Công Hãng,Quận Thanh Khê
Nguyễn Công Hoan,Quận Cẩm Lệ
Nguyễn Công Sáu,Quận Sơn Trà
Nguyễn Công Trứ,Quận Sơn Trà
Nguyễn Cơ Thạch,Quận Liên Chiểu
Nguyễn Chánh,Quận Liên Chiểu
Nguyễn Chế Nghĩa,Quận Sơn Trà
Nguyễn Chí Diễu,Quận Sơn Trà
Nguyễn Chí Thanh,Quận Hải Châu
Nguyễn Chích,Quận Liên Chiểu
Nguyễn Chu Sĩ,Quận Liên Chiểu
Nguyễn Chu Sỹ,Quận Liên Chiểu
Nguyễn Du,Quận Hải Châu
Nguyễn Dục,Quận Ngũ Hành Sơn
Nguyễn Duy,Quận Liên Chiểu
Nguyễn Duy Cung,Quận Cẩm Lệ
Nguyễn Duy Hiệu,Quận Sơn Trà
Nguyễn Duy Trinh,Quận Ngũ Hành Sơn
Nguyễn Dữ,Quận Cẩm Lệ
Nguyễn Đăng,Quận Hải Châu
Nguyễn Đăng Đạo,Quận Cẩm Lệ
Nguyễn Đăng Giai,Quận Sơn Trà
Nguyễn Đình Chiểu,Quận Ngũ Hành Sơn
Nguyễn Đình Hiến,Quận Cẩm Lệ
Nguyễn Đình Tứ,Quận Cẩm Lệ
Nguyễn Đình Tựu,Quận Thanh Khê
Nguyễn Đình Trân,Quận Ngũ Hành Sơn
Nguyễn Đình Trọng,Quận Liên Chiểu
Nguyễn Đình Trọng (nối dài),Quận Liên Chiểu
Nguyễn Đóa,Quận Cẩm Lệ
Nguyễn Đỗ Cung,Quận Liên Chiểu
Nguyễn Đỗ Mục,Quận Cẩm Lệ
Nguyễn Đôn Triết,Quận Hải Châu
Nguyễn Đức An,Quận Sơn Trà
Nguyễn Đức Cảnh,Quận Hải Châu
Nguyễn Đức Thiệu,Quận Sơn Trà
Nguyễn Đức Thuận,Quận Ngũ Hành Sơn
Nguyễn Đức Trung,Quận Ngũ Hành Sơn
Nguyễn Gia Thiều,Quận Thanh Khê
Nguyễn Gia Trí,Quận Sơn Trà
Nguyễn Giản Thanh,Quận Thanh Khê
Nguyễn Giản Thanh 2,Quận Thanh Khê
Nguyễn Hàng,Quận Cẩm Lệ
Nguyễn Hàng Chi,Quận Liên Chiểu
Nguyễn Hanh,Quận Hải Châu
Nguyễn Hành,Quận Hải Châu
Nguyễn Hoàng,Quận Hải Châu
Nguyên Hồng,Quận Sơn Trà
Nguyễn Hồng,Quận Thanh Khê
Nguyễn Huy Chương,Quận Sơn Trà
Nguyễn Huy Lượng,Quận Thanh Khê
Nguyễn Huy Oánh,Quận Ngũ Hành Sơn
Nguyễn Huy Tự,Quận Liên Chiểu
Nguyễn Huy Tưởng,Quận Liên Chiểu
Nguyễn Hữu An,III thành phố Đà Nẵng cũ
Nguyễn Hữu Cảnh,Quận Hải Châu
Nguyễn Hữu Dật,Quận Hải Châu
Nguyễn Hữu Đức,Quận Cẩm Lệ
Nguyễn Hữu Tiến,Quận Cẩm Lệ
Nguyễn Hữu Thọ,Quận Thanh Khê
Nguyễn Hữu Thông,Quận Sơn Trà
Nguyễn Kiều,Quận Liên Chiểu
Nguyễn Khang,Quận Thanh Khê
Nguyễn Khắc Cần,Quận Sơn Trà
Nguyễn Khắc Nhu,Quận Liên Chiểu
Nguyễn Khắc Viện,Quận Liên Chiểu
Nguyễn Khoa Chiêm,Quận Thanh Khê
Nguyễn Khoái,Quận Hải Châu
Nguyễn Khuyến,Quận Liên Chiểu
Nguyễn Lai,Quận Cẩm Lệ
Nguyễn Lâm,Quận Sơn Trà
Nguyễn Lộ Trạch,Quận Hải Châu
Nguyễn Lộ Trạch (nối dài),Quận Hải Châu
Nguyễn Lữ,Quận Ngũ Hành Sơn
Nguyễn Lương Bằng,Quận Liên Chiểu
Nguyễn Lý,Quận Cẩm Lệ
Nguyễn Minh Chấn,Quận Liên Chiểu
Nguyễn Minh Châu,Quận Sơn Trà
Nguyễn Minh Không,Quận Liên Chiểu
Nguyễn Nghiêm,Quận Thanh Khê
Nguyễn Nghiễm,Quận Ngũ Hành Sơn
Nguyễn Nhàn,Quận Liên Chiểu
Nguyễn Nho Túy,Quận Cẩm Lệ
Nguyễn Như Hạnh,Quận Liên Chiểu
Nguyễn Phạm Tuân,Quận Ngũ Hành Sơn
Nguyễn Phan Chánh,Quận Ngũ Hành Sơn
Nguyễn Phan Vinh,Quận Sơn Trà
Nguyễn Phẩm,Quận Hải Châu
Nguyễn Phi Khanh,Quận Hải Châu
Nguyễn Phong Sắc,Quận Cẩm Lệ
Nguyễn Phú Hường,Quận Cẩm Lệ
Nguyễn Phục,Quận Sơn Trà
Nguyễn Phước Chu,Quận Liên Chiểu
Nguyễn Phước Nguyên,Quận Thanh Khê
Nguyễn Phước Tần,Quận Cẩm Lệ
Nguyễn Phước Thái,Quận Thanh Khê
Nguyễn Quang Bích,Quận Liên Chiểu
Nguyễn Quang Lâm,Quận Sơn Trà
Nguyễn Quốc Trị,Quận Ngũ Hành Sơn
Nguyễn Quyền,Quận Liên Chiểu
Nguyễn Sáng,Quận Sơn Trà
Nguyễn Sĩ Cố,Quận Sơn Trà
Nguyễn Sinh Sắc,Quận Sơn Trà
Nguyễn Sơn,Quận Sơn Trà
Nguyễn Sơn Trà,Quận Thanh Khê
Nguyễn Súy,Quận Hải Châu
Nguyễn Tạo,Quận Cẩm Lệ
Nguyễn Tất Thành,Quận Liên Chiểu
Nguyễn Tuân,Quận Thanh Khê
Nguyễn Tuấn Thiện,Quận Sơn Trà
Nguyễn Tư Giản,Quận Ngũ Hành Sơn
Nguyễn Thái Bình,Quận Liên Chiểu
Nguyễn Thái Học (cũ),Quận Cẩm Lệ
Nguyễn Thành Hãn,Quận Hải Châu
Nguyễn Thanh Năm,ủy quận Nhì Đà Nẵng
Nguyễn Thành Ý,Quận Hải Châu
Nguyễn Thần Hiến,Quận Ngũ Hành Sơn
Nguyễn Thế Lịch,Quận Liên Chiểu
Nguyễn Thế Lộc,Quận Sơn Trà
Nguyễn Thi,Quận Hải Châu
Nguyễn Thị Ba,Quận Sơn Trà
Nguyễn Thị Bảy,Quận Thanh Khê
Nguyễn Thị Định,Quận Sơn Trà
Nguyễn Thị Hồng,Quận Sơn Trà
Nguyễn Thị Minh Khai,Quận Hải Châu
Nguyễn Thị Thập,Quận Ngũ Hành Sơn
Nguyễn Thiện Thuật,Quận Hải Châu
Nguyễn Thiếp,Quận Sơn Trà
Nguyễn Thúy,Quận Liên Chiểu
Nguyễn Thức Đường,Quận Ngũ Hành Sơn
Nguyễn Thượng Hiền,Quận Cẩm Lệ
Nguyễn Trác 2,Quận Cẩm Lệ
Nguyễn Trọng Nghĩa,Quận Sơn Trà
Nguyễn Trung Ngạn,Quận Cẩm Lệ
Nguyễn Trung Ngạn 2,Quận Cẩm Lệ
Nguyễn Trung Trực,Quận Cẩm Lệ
Nguyễn Trung Trực (nối dài),Quận Ngũ Hành Sơn
Nguyễn Trực,Quận Sơn Trà
Nguyễn Văn Bổng,Quận Cẩm Lệ
Nguyễn Văn Cừ,Quận Liên Chiểu
Nguyễn Văn Giáp,Quận Cẩm Lệ
Nguyễn Văn Huề,Quận Thanh Khê
Nguyễn Văn Huyên,Quận Cẩm Lệ
Nguyễn Văn Hưởng,Quận Ngũ Hành Sơn
Nguyễn Văn Linh,Quận Sơn Trà
Nguyễn Văn Nguyễn,Quận Ngũ Hành Sơn
Nguyễn Văn Phương,Quận Thanh Khê
Nguyễn Văn Siêu,Quận Hải Châu
Nguyễn Văn Tạo,Quận Liên Chiểu
Nguyễn Văn Tố,Quận Sơn Trà
Nguyễn Văn Thoại,Quận Liên Chiểu
Nguyễn Văn Thủ,Quận Thanh Khê
Nguyễn Văn Xuân,Quận Cẩm Lệ
Nguyễn Viết Xuân,Quận Liên Chiểu
Nguyễn Xí,Quận Thanh Khê
Nguyễn Xiển,Quận Hải Châu
Nguyễn Xuân Hữu,Quận Ngũ Hành Sơn
Nguyễn Xuân Khoát,Quận Sơn Trà
Nguyễn Xuân Nhĩ,Điểm cuối
Ngyễn Xuân Ôn,Điểm cuối
Nhân Hoà 1,Quận Cẩm Lệ
Nhân Hoà 2,Quận Cẩm Lệ
Nhân Hoà 3,Quận Cẩm Lệ
Nhân Hoà 4,Quận Cẩm Lệ
Nhân Hoà 5,Quận Cẩm Lệ
Nhân Hoà 6,Quận Cẩm Lệ
Nhân Hoà 7,Quận Cẩm Lệ
Nhất Chi Mai,Quận Cẩm Lệ
Nhơn Hòa 1,Quận Ngũ Hành Sơn
Nhơn Hòa 2,Quận Cẩm Lệ
Nhơn Hòa 3,Quận Cẩm Lệ
Nhơn Hòa 4,Quận Hải Châu
Nhơn Hòa 5,Quận Hải Châu
Nhơn Hòa 6,Quận Thanh Khê
Nhơn Hòa 7,Quận Thanh Khê
Nhơn Hòa 8,Quận Liên Chiểu
Nhơn Hòa Phước 1,Quận Cẩm Lệ
Nhơn Hòa Phước 2,Quận Cẩm Lệ
Nhơn Hòa Phước 3,Quận Cẩm Lệ
Như Nguyệt,Quận Hải Châu
Ông Ích Đường,Điểm cuối
Ông Ích Khiêm,Điểm cuối
Pasteur,Quận Hải Châu
Phạm Bành,Quận Cẩm Lệ
Phạm Công Trứ,Huyện Hòa Vang
Phạm Cự Lượng,Quận Sơn Trà
Phạm Đình Hổ,Quận Cẩm Lệ
Phạm Đức Nam,Quận Liên Chiểu
Phạm Hồng Thái,Quận Hải Châu
Phạm Hữu Kính,Quận Ngũ Hành Sơn
Phạm Kiệt,Quận Ngũ Hành Sơn
Phạm Khiêm Ích,Quận Hải Châu
Phạm Nỗi,Quận Ngũ Hành Sơn
Phạm Ngọc Thạch,Quận Hải Châu
Phạm Ngũ lão,Quận Hải Châu
Phạm Nhữ tăng,Quận Hải Châu
Phạm Như Xương,Quận Liên Chiểu
Phạm PHú  Tiết,Quận Hải Châu
Phạm Phú Thứ,Quận Ngũ Hành Sơn
Pham Sư Mạnh,Điểm cuối
Phạm Tu,Quận Sơn Trà
Phạm Tuấn Tài,Quận Ngũ Hành Sơn
Phạm Tứ,Quận Hải Châu
Phạm Thận Duật,Quận Ngũ Hành Sơn
Phạm Văn Bạch,Quận Sơn Trà
Phạm Văn Đồng,Quận Sơn Trà
Phạm văn Nghị,Quận Ngũ Hành Sơn
Phạm văn Ngôn,Quận Liên Chiểu
Phạm văn Trang,Quận Liên Chiểu
Phạm Văn Xảo,Quận Sơn Trà
Pham Vấn,Quận Sơn Trà
Phạm Vinh,Quận Cẩm Lệ
Phan Bá Phiến,Quận Sơn Trà
Phan Bôi,Quận Sơn Trà
Phan Châu Trinh,Quận Hải Châu
Phan Đăng Lưu,Quận Hải Châu
Phan Đình Phùng,Quận Hải Châu
Phan Đình Thông,Quận Thanh Khê
Phan Hành Sơn,Quận Ngũ Hành Sơn
Phan Huy Chú,Quận Sơn Trà
Phan Huy Ích,Quận Sơn Trà
Phan Huy Thực,Quận Sơn Trà
Phan Kế Bính,Quận Sơn Trà
Phan Khôi,Quận Cẩm Lệ
Phan Liêm,Quận Ngũ Hành Sơn
Phan Ngọc Nhân,Quận Cẩm Lệ
Phan Nhu,Quận Liên Chiểu
Phan Phu Tiên,Quận Thanh Khê
Phan Tòng,Quận Ngũ Hành Sơn
Phan Tôn,Quận Ngũ Hành Sơn
Phan Tốn,Quận Liên Chiểu
Phan Tứ,Quận Ngũ Hành Sơn
Phan Thanh,Quận Thanh Khê
Phan Thành tài,Quận Hải Châu
Phan Thị Nể,Quận Liên Chiểu
Phan Thúc Duyện,Quận Ngũ Hành Sơn
Phan Trọng Tuệ,Quận Hải Châu
Phan Văn Đạt,Quận Liên Chiểu
Phan Văn Định,Quận Liên Chiểu
Phan Văn Hớn,Quận Sơn Trà
Phan Văn Thuật,Quận Liên Chiểu
Phan Văn Trị,Quận Cẩm Lệ
Phan Văn Trường,Quận Liên Chiểu
Phần Lăng 10,Quận Sơn Trà
Phần Lăng 11,Quận Ngũ Hành Sơn
Phần Lăng 12,Quận Sơn Trà
Phần Lăng 14,Quận Liên Chiểu
Phần Lăng 15,Quận Ngũ Hành Sơn
Phần Lăng 16,Quận Cẩm Lệ
Phần Lăng 17,Quận Ngũ Hành Sơn
Phần Lăng 18,Quận Sơn Trà
Phần Lăng 19,Quận Sơn Trà
Phần Lăng 6,Quận Thanh Khê
Phần Lăng 7,Quận Thanh Khê
Phần Lăng 8,Quận Thanh Khê
Phó Đức Chính,Quận Sơn Trà
Phong Bắc 16,Quận Cẩm Lệ
Phong Bắc 1,Quận Cẩm Lệ
Phong Bắc 10,Quận Cẩm Lệ
Phong Bắc 11,Quận Cẩm Lệ
Phong Bắc 18,Quận Hải Châu
Phong Bắc 19,Quận Cẩm Lệ
Phong Bắc 2,Quận Cẩm Lệ
Phong Bắc 20,Quận Cẩm Lệ
Phong Bắc 3,Quận Cẩm Lệ
Phong Bắc 4,Quận Cẩm Lệ
Phong Bắc 5,Quận Cẩm Lệ
Phong Bắc 6,Quận Cẩm Lệ
Phong Bắc 7,Quận Cẩm Lệ
Phong Bắc 8,Quận Sơn Trà
Phong Bắc 9,Quận Cẩm Lệ
Phù Đổng,Quận Liên Chiểu
Phú Lộc 1,Quận Liên Chiểu
Phú Lộc 10,Quận Liên Chiểu
Phú Lộc 11,Quận Liên Chiểu
Phú Lộc 12,Quận Liên Chiểu
Phú Lộc 14,Quận Liên Chiểu
Phú Lộc 15,Quận Liên Chiểu
Phú Lộc 16,Quận Liên Chiểu
Phú Lộc 17,Quận Liên Chiểu
Phú Lộc 18,Quận Liên Chiểu
Phú Lộc 19,Quận Hải Châu
Phú Lộc 2,Quận Liên Chiểu
Phú Lộc 3,Quận Liên Chiểu
Phú Lộc 4,Quận Liên Chiểu
Phú Lộc 5,Quận Liên Chiểu
Phú Lộc 6,Quận Liên Chiểu
Phú Lộc 7,Quận Liên Chiểu
Phú Lộc 8,Quận Liên Chiểu
Phú Lộc 9,Quận Liên Chiểu
Phú Thạnh 1,Quận Liên Chiểu
Phú Thạnh 2,Quận Liên Chiểu
Phú Thạnh 3,Quận Liên Chiểu
Phú Thạnh 4,Quận Liên Chiểu
Phú Thạnh 5,Quận Liên Chiểu
Phùng Chí Kiên,Quận Cẩm Lệ
Phùng Hưng,Quận Thanh Khê
Phùng Khắc Khoan,Quận Sơn Trà
Phùng Tá Chu,Quận Cẩm Lệ
Phước Hòa,Quận Cẩm Lệ
Phước Hòa 1,Quận Ngũ Hành Sơn
Phước Hòa 2,Quận Cẩm Lệ
Phước Hòa 3,Quận Cẩm Lệ
Phước Mỹ,Quận Sơn Trà
Phước mỹ,Quận Sơn Trà
"PHước Mỹ, sơn Trà",Quận Sơn Trà
Phước Trường 1,Quận Sơn Trà
Phước Trường 2,Quận Sơn Trà
Phước Trường 3,Quận Sơn Trà
Phước Trường 4,Quận Sơn Trà
Phước Trường 5,Quận Sơn Trà
Phước Trường 6,Quận Sơn Trà
Phước Trường 7,Quận Sơn Trà
Phước Trường 8,Quận Sơn Trà
Phước Trường 9,Quận Sơn Trà
Quán Khái 10,Quận Liên Chiểu
Quán Khái 11,Quận Ngũ Hành Sơn
Quán Khái 12,Quận Ngũ Hành Sơn
Quán Khải 2,Quận Ngũ Hành Sơn
Quán Khải 3,Quận Ngũ Hành Sơn
Quán Khải 4,Quận Ngũ Hành Sơn
Quán Khải 5,Quận Ngũ Hành Sơn
Quán Khải 6,Quận Ngũ Hành Sơn
Quán Khải 7,Quận Ngũ Hành Sơn
Quán Khải 8,Quận Ngũ Hành Sơn
Quán Khái 9,Quận Hải Châu
Quang Dũng,Quận Thanh Khê
Quảng Nam,Điểm cuối
Quang Thành 1,Quận Liên Chiểu
Quang Thành 2,Quận Liên Chiểu
Quang Trung,Quận Hải Châu
Quốc lộ 14B,Quận Liên Chiểu
Quốc lộ 1A,Quận Cẩm Lệ
Quy Mỹ,Quận Hải Châu
Song Hào,Quận Hải Châu
Sơn Thủy 1,Quận Ngũ Hành Sơn
Sơn Thủy 10,Quận Ngũ Hành Sơn
Sơn Thủy 11,Quận Ngũ Hành Sơn
Sơn Thủy 2,Quận Ngũ Hành Sơn
Sơn Thủy 3,Quận Ngũ Hành Sơn
Sơn Thủy 4,Quận Ngũ Hành Sơn
Sơn Thủy 5,Quận Ngũ Hành Sơn
Sơn Thủy 6,Quận Ngũ Hành Sơn
Sơn Thủy 7,Quận Ngũ Hành Sơn
Sơn Thủy 8,Quận Ngũ Hành Sơn
Sơn Thủy 9,Quận Ngũ Hành Sơn
Sơn Thủy Đông 1,Quận Ngũ Hành Sơn
Sơn Thủy Đông 2,Quận Cẩm Lệ
Sơn Thủy Đông 3,Quận Liên Chiểu
Sơn Thủy Đông 4,Quận Sơn Trà
Suối Đá 1,Quận Sơn Trà
Suối Đá 2,Quận Sơn Trà
Suối Đá 3,Quận Sơn Trà
Sử Hy Nhan,Quận Sơn Trà
Sư Vạn Hạnh,Quận Ngũ Hành Sơn
Sương Nguyệt Ánh,Quận Sơn Trà
Tạ Hiện,Quận Sơn Trà
Tạ Mỹ Duật,Quận Hải Châu
Tạ Quang Bửu,Quận Ngũ Hành Sơn
Tản Đà,Quận Liên Chiểu
Tăng Bạt Hổ,Quận Hải Châu
Tân An 4,Quận Sơn Trà
Tân Lập 1,Quận Hải Châu
Tân Lập 2,Quận Sơn Trà
Tân Lưu,Quận Cẩm Lệ
Tân Phú 1,Quận Sơn Trà
Tân Phú 2,Quận Sơn Trà
Tân Thái 1,Quận Sơn Trà
Tân Thái 10,Quận Sơn Trà
Tân Thái 2,Quận Sơn Trà
Tân Thái 3,Quận Sơn Trà
Tân Thái 4,Quận Sơn Trà
Tân Thái 5,Quận Sơn Trà
Tân Thái 6,Quận Sơn Trà
Tân Thái 7,Quận Sơn Trà
Tân Thái 8,Quận Sơn Trà
Tân Thái 9,Quận Sơn Trà
Tân Trà,Quận Ngũ Hành Sơn
Tân Trào,Quận Cẩm Lệ
Tây Sơn,Quận Ngũ Hành Sơn
Tế Hanh,Quận Cẩm Lệ
Tiên Sơn 1,Quận Hải Châu
Tiên Sơn 10,Quận Ngũ Hành Sơn
Tiên Sơn 11,Quận Cẩm Lệ
Tiên Sơn 12,III thành phố Đà Nẵng cũ
Tiên Sơn 13,Quận Hải Châu
Tiên Sơn 14,Quận Ngũ Hành Sơn
Tiên Sơn 15,Quận Ngũ Hành Sơn
Tiên Sơn 16,Quận Liên Chiểu
Tiên Sơn 17,Quận Cẩm Lệ
Tiên Sơn 18,Quận Cẩm Lệ
Tiên Sơn 2,Quận Hải Châu
Tiên Sơn 20,Quận Sơn Trà
Tiên Sơn 21,Quận Hải Châu
Tiên Sơn 3,Quận Sơn Trà
Tiên Sơn 4,Quận Sơn Trà
Tiên Sơn 5,Quận Sơn Trà
Tiên Sơn 6,Quận Thanh Khê
Tiên Sơn 7,Quận Ngũ Hành Sơn
Tiên Sơn 8,Quận Liên Chiểu
Tiên Sơn 9,Quận Sơn Trà
Tiểu La,Quận Liên Chiểu
Tô Hiến Thành,Quận Liên Chiểu
Tô Hiệu,Quận Liên Chiểu
Tố Hữu,Quận Hải Châu
Tố Hữu (nối dài),Quận Hải Châu
Tô Ngọc Vân,Quận Thanh Khê
Tôn Đản,Quận Cẩm Lệ
Tôn Đức Thắng,Quận Liên Chiểu
Tôn Quang Phiệt,Quận Sơn Trà
Tôn Quang Phiệt (nối dài),Quận Sơn Trà
Tôn Thất Tùng,Quận Thanh Khê
Tôn Thất Thiệp,Quận Sơn Trà
Tôn Thất Thuyết,Quận Hải Châu
Tống Duy Tân,Quận Liên Chiểu
Tống Phước Phổ,Quận Sơn Trà
Tốt Động,Quận Liên Chiểu
Tú Mỡ,Quận Cẩm Lệ
Tú Quỳ,Quận Liên Chiểu
Tuệ Tĩnh,Quận Hải Châu
Tùng Lâm 1,Quận Cẩm Lệ
Tùng Lâm 10,Quận Cẩm Lệ
Tùng Lâm 2,Quận Cẩm Lệ
Tùng Lâm 3,Quận Cẩm Lệ
Tùng Lâm 4,Quận Cẩm Lệ
Tùng Lâm 5,Quận Cẩm Lệ
Tùng Lâm 6,Quận Cẩm Lệ
Tùng Lâm 7,Quận Cẩm Lệ
Tùng Lâm 8,Quận Cẩm Lệ
Tùng Lâm 9,Quận Cẩm Lệ
Tùng Thiện Vương,Quận Ngũ Hành Sơn
Tuy Lý Vương,Quận Ngũ Hành Sơn
Tự Đức,Quận Liên Chiểu
Thạch Lam,Quận Liên Chiểu
Thái Phiên,Quận Hải Châu
Thái Thị Bôi,Quận Thanh Khê
Thái Văn A,Quận Ngũ Hành Sơn
Thanh Duyên,Quận Hải Châu
Thanh Hải,Quận Hải Châu
Thanh Hóa,Quận Ngũ Hành Sơn
Thanh Huy 1,Quận Thanh Khê
Thanh Huy 2,Quận Thanh Khê
Thanh Huy 3,Quận Thanh Khê
Thanh Khê 6,Quận Thanh Khê
Thanh Long,Quận Hải Châu
Thanh Sơn,Quận Hải Châu
Thanh Tịnh,Quận Liên Chiểu
Thành Thái,Quận Hải Châu
Thanh Thủy,Quận Hải Châu
Thanh Vinh 1,Quận Liên Chiểu
Thành Vinh 1,Quận Sơn Trà
Thanh Vinh 10,Quận Liên Chiểu
Thanh Vinh 11,Quận Liên Chiểu
Thanh Vinh 12,Quận Liên Chiểu
Thanh Vinh 14,Quận Liên Chiểu
Thanh Vinh 15,Quận Liên Chiểu
Thanh Vinh 16,Quận Liên Chiểu
Thanh Vinh 17,Quận Liên Chiểu
Thanh Vinh 2,Quận Liên Chiểu
Thanh Vinh 3,Quận Liên Chiểu
Thanh Vinh 4,Quận Liên Chiểu
Thanh Vinh 5,Quận Liên Chiểu
Thanh Vinh 6,Quận Liên Chiểu
Thanh Vinh 7,Quận Liên Chiểu
Thanh Vinh 8,Quận Liên Chiểu
Thanh Vinh 9,Quận Liên Chiểu
Thăng Long,Quận Sơn Trà
Thân Cảnh Phúc,Quận Cẩm Lệ
Thân Nhân Trung,Quận Thanh Khê
Thép Mới,Quận Liên Chiểu
Thế Lữ,Quận Sơn Trà
Thi Sách,Quận Hải Châu
Thích Phước Huệ,Quận Sơn Trà
Thích Quảng Đức,Quận Liên Chiểu
Thích Thiện Chiếu,Quận Ngũ Hành Sơn
Thôi Hữu,Quận Sơn Trà
Thu Bồn,Quận Cẩm Lệ
Thủ Khoa Huân,Quận Sơn Trà
Thuận An 1,Quận Liên Chiểu
Thuận An 2,Quận Thanh Khê
Thuận An 3,Quận Ngũ Hành Sơn
Thuận An 4,Quận Sơn Trà
Thuận An 5,Quận Sơn Trà
Thuận An 6,Quận Ngũ Hành Sơn
Thúc Tề,Quận Sơn Trà
Thuỷ Sơn 1,Quận Ngũ Hành Sơn
Thuỷ Sơn 2,Quận Ngũ Hành Sơn
Thuỷ Sơn 3,Quận Ngũ Hành Sơn
Thuỷ Sơn 4,Quận Liên Chiểu
Thuỷ Sơn 5,Quận Ngũ Hành Sơn
Thượng Đức,Quận Ngũ Hành Sơn
Trà Lộ,Quận Ngũ Hành Sơn
Trà Na 1,Quận Liên Chiểu
Trà Na 2,Quận Liên Chiểu
Trà Na 3,Quận Liên Chiểu
Trần Anh Tông,Quận Liên Chiểu
Trần Bích San,Quận Liên Chiểu
Trần Bình Trọng,Quận Hải Châu
Trần Can,Quận Liên Chiểu
Trần Cao Vân,Quận Hải Châu
Trần Cừ,Quận Ngũ Hành Sơn
Trần Đại Nghĩa,Quận Ngũ Hành Sơn
Trần Đăng Ninh,Quận Liên Chiểu
Trần Đình Đàn,Quận Sơn Trà
Trần Đình Long,Quận Cẩm Lệ
Trần Đình Phong,Quận Sơn Trà
Trần Đình Tri,Quận Cẩm Lệ
Trần Đức Thảo,Quận Cẩm Lệ
Trần Hoành,Quận Thanh Khê
Trần Huân,Quận Cẩm Lệ
Trần Huy Liệu,Quận Cẩm Lệ
Trần Huy Liệu (nối dài),Quận Cẩm Lệ
Trần Hưng Đạo,Quận Sơn Trà
Trần Hữu Duẩn,Cẩm Lệ cung cấp
Trần Hữu Dực,Quận Sơn Trà
Trần Hữu Độ,Quận Ngũ Hành Sơn
Trần Kế Xương,Quận Hải Châu
Trần Kim Bảng,Quận Cẩm Lệ
Trần Khánh Dư,Quận Ngũ Hành Sơn
Trần Khát Chân,Quận Sơn Trà
Trần Lê,Quận Sơn Trà
Trần Lựu,Quận Cẩm Lệ
Trần Mai Ninh,Quận Sơn Trà
Trần Nam Trung,Quận Sơn Trà
Trần Ngọc Sương,Quận Cẩm Lệ
Trần Nguyên Đán,Quận Liên Chiểu
Trần Nguyên Hãn,Quận Sơn Trà
Trần Nhân Tông,Quận Sơn Trà
Trần Nhật Duật,Quận Sơn Trà
Trần Phú,Quận Hải Châu
Trần Phước Thành,Quận Ngũ Hành Sơn
Trần Phước Thành (nối dài),Quận Sơn Trà
Trần Quang Diệu,Quận Cẩm Lệ
Trần Quang Khải,Quận Sơn Trà
Trần Quang Khải (nối dài),Quận Hải Châu
Trần Quốc Hoàn,Quận Sơn Trà
Trần Quốc Toản,Quận Hải Châu
Trần Quốc Thảo,Quận Hải Châu
Trần Quý Cáp,Quận Hải Châu
Trần Quý Hai,Quận Cẩm Lệ
Trần Sâm,Quận Cẩm Lệ
Trần Tấn,Quận Liên Chiểu
Trần Tấn Mới,Quận Hải Châu
Trần Tống,Quận Sơn Trà
Trần Thái Tông,Quận Liên Chiểu
Trần Thanh Mại,Quận Sơn Trà
Trần Thánh Tông,Quận Sơn Trà
Trần Thanh Trung,Quận Thanh Khê
Trần Thị Lý,Quận Hải Châu
Trần Thủ Độ,Quận Cẩm Lệ
Trần Thuyết,Quận Sơn Trà
Trần Văn Dư,Quận Ngũ Hành Sơn
Trần Văn Dư (nối dài),Quận Ngũ Hành Sơn
Trần Văn Đán,Quận Ngũ Hành Sơn
Trần Văn Đang,Quận Cẩm Lệ
Trần Văn Hai,Quận Ngũ Hành Sơn
Trần Văn Kỳ,Quận Liên Chiểu
Trần Văn Lan,Quận Cẩm Lệ
Trần Văn Thành,Quận Ngũ Hành Sơn
Trần Văn Trà,Quận Hải Châu
Trần Xuân Lê,Quận Thanh Khê
Trần Xuân Soạn,Quận Cẩm Lệ
Triệu Việt Vương,Quận Hải Châu
Trịnh Công Sơn,Quận Hải Châu
Trịnh Đình Thảo,Quận Cẩm Lệ
Trịnh Hoài Đức,Quận Cẩm Lệ
Trịnh Khả,Quận Cẩm Lệ
Trịnh Khắc Lập,Quận Liên Chiểu
Trịnh Lỗi,Quận Hải Châu
Trung Hòa 1,Quận Ngũ Hành Sơn
Trung Hòa 2,Quận Ngũ Hành Sơn
Trung Hòa 3,Quận Ngũ Hành Sơn
Trung Hòa 4,Quận Ngũ Hành Sơn
Trung Hòa 5,Quận Ngũ Hành Sơn
Trung Lương 1,Quận Cẩm Lệ
Trung Lương 2,Quận Cẩm Lệ
Trung Lương 3,Quận Cẩm Lệ
Trung Lương 4,Quận Cẩm Lệ
Trung Lương 5,Quận Cẩm Lệ
Trung Lương 6,Quận Cẩm Lệ
Trung Lương 7,Quận Cẩm Lệ
Trung Nghĩa 1,Quận Liên Chiểu
Trung Nghĩa 2,Quận Liên Chiểu
Trung Nghĩa 3,Quận Liên Chiểu
Trung Nghĩa 4,Quận Liên Chiểu
Trung Nghĩa 5,Quận Liên Chiểu
Trung Nghĩa 6,Quận Liên Chiểu
Trung Nghĩa 7,Quận Liên Chiểu
Trừ Văn Thố,Quận Cẩm Lệ
Trưng Nữ Vương,Quận Cẩm Lệ
Trưng Nhị,Quận Hải Châu
Trương Công Hy,Quận Ngũ Hành Sơn
Trương Chí Cương,Quận Hải Châu
Trường Chinh,Quận Sơn Trà
Trương Đăng Quế,Quận Hải Châu
Trương Định,Quận Sơn Trà
Trương Gia Mô,Quận Hải Châu
Trương Hán Siêu,Quận Hải Châu
Trương Minh Giảng,Quận Liên Chiểu
Trương Quang Giao,Quận Cẩm Lệ
Trương Quyền,Quận Liên Chiểu
Trường Sa,Quận Cẩm Lệ
Trường Sơn,Quận Cẩm Lệ
Trương Văn Đa,Quận Liên Chiểu
Trương Văn Hiến,Quận Ngũ Hành Sơn
Trương Vân Lĩnh,Quận Liên Chiểu
Vạn Hạnh,Quận Ngũ Hành Sơn
Vạn Tường,Quận Ngũ Hành Sơn
Văn Cao,Quận Thanh Khê
Văn Tân,Quận Hải Châu
Văn Tiến Dũng,Quận Cẩm Lệ
Văn Thánh 1,Quận Liên Chiểu
Văn Thánh 2,Quận Liên Chiểu
Văn Thánh 3,Quận Liên Chiểu
Văn Thánh 4,Quận Liên Chiểu
Vân Đồn,Quận Sơn Trà
Việt Bắc,Quận Ngũ Hành Sơn
Võ Duy Dương,Quận Liên Chiểu
Võ Duy Đoán,Quận Ngũ Hành Sơn
Võ Duy Ninh,Quận Thanh Khê
Võ Nghĩa,Quận Liên Chiểu
Võ Như Khương,Quận Ngũ Hành Sơn
Võ Quảng,Quận Hải Châu
Võ Thị Sáu,Quận Hải Châu
Võ Trường Toản,Quận Sơn Trà
Võ Văn Đặng,Quận Hải Châu
Võ Văn Đồng,Quận Sơn Trà
Võ Văn Tần,Quận Thanh Khê
Vũ Cán,Quận Thanh Khê
Vũ Đình Long,Quận Sơn Trà
Vũ Huy Tấn,Quận Liên Chiểu
Vũ Hữu,Quận Liên Chiểu
Vũ Lập,Quận Liên Chiểu
Vũ Miên,Huyện Hòa Vang
Vũ Ngọc Nhạ,Quận Sơn Trà
Vũ Quỳnh,Quận Thanh Khê
Vũ Tông Phan,Quận Sơn Trà
Vũ Thạnh,Quận Cẩm Lệ
Vũ Trọng Phụng,Quận Hải Châu
Vũ Văn Cẩn,Quận Hải Châu
Vũ Văn Dũng,Quận Cẩm Lệ
Vũng Thùng 1,Quận Sơn Trà
Vũng Thùng 2,Quận Sơn Trà
Vũng Thùng 3,Quận Sơn Trà
Vũng Thùng 4,Quận Sơn Trà
Vũng Thùng 5,Quận Sơn Trà
Vùng Trung 1,Quận Thanh Khê
Vùng Trung 2,Quận Liên Chiểu
Vùng Trung 3,Quận Sơn Trà
Vùng Trung 4,Quận Thanh Khê
Vùng Trung 5,Quận Sơn Trà
Xô Viết Nghệ Tĩnh,Quận Hải Châu
Xuân Diệu,Quận Hải Châu
Xuân Đán 1,Quận Thanh Khê
Xuân Hòa 1,Quận Cẩm Lệ
Xuân Hòa 2,Quận Cẩm Lệ
Xuân Thiều 1,Quận Liên Chiểu
Xuân Thiều 10,Quận Liên Chiểu
Xuân Thiều 11,Quận Liên Chiểu
Xuân Thiều 12,Quận Liên Chiểu
Xuân Thiều 14,Quận Liên Chiểu
Xuân Thiều 2,Quận Liên Chiểu
Xuân Thiều 3,Quận Liên Chiểu
Xuân Thiều 4,Quận Liên Chiểu
Xuân Thiều 5,Quận Liên Chiểu
Xuân Thiều 6,Quận Liên Chiểu
Xuân Thiều 7,Quận Liên Chiểu
Xuân Thiều 8,Quận Liên Chiểu
Xuân Thiều 9,Quận Liên Chiểu
Xuân Thủy,Quận Cẩm Lệ
Xuân Thủy (nối dài),Quận Cẩm Lệ
Ỷ Lan Nguyên Phi,Quận Hải Châu
Yersin,Quận Ngũ Hành Sơn
Yên Bái,Quận Hải Châu
Yên Khê 1,Quận Thanh Khê
Yên Khê 2,Quận Thanh Khê
Yên Thế,Quận Cẩm Lệ
Yết Kiêu,Quận Sơn Trà
Nguyễn Trãi,Quận Hải Châu
Nguyễn Tri Phương,Quận Hải Châu
Nguyễn Trường Tộ,Quận Hải Châu
Nguyễn Văn Trỗi,Quận Hải Châu
Nam Cao,Quận Liên Chiểu
Sương Nguyệt Anh,Quận Sơn Trà
Cách mạng Tháng Tám/ Cách mạng tháng 8,III thành phố Đà Nẵng cũ
Phan Du,Quận Cẩm Lệ
Trần Triệu Luật,Quận Liên Chiểu
Nguyễn Chơn,Quận Liên Chiểu
Hòa Phú 20,Quận Liên Chiểu
Hòa Phú 21,Quận Liên Chiểu
Hòa Phú 22,Quận Liên Chiểu
Hòa Phú 23,Quận Liên Chiểu
Hòa Phú 24,Quận Liên Chiểu
Hòa Phú 25,III thành phố Đà Nẵng cũ
Hòa Phú 26,Quận Liên Chiểu
Hòa Phú 27,Quận Liên Chiểu
Hòa Phú 28,Quận Ngũ Hành Sơn
Hòa Phú 29,Quận Ngũ Hành Sơn
Hòa Phú 30,Quận Liên Chiểu
Hòa Phú 31,Quận Liên Chiểu
Hòa Phú 32,Quận Liên Chiểu
Đà Sơn 3,Quận Liên Chiểu
Đà Sơn 4,Quận Liên Chiểu
Đà Sơn 5,Quận Liên Chiểu
Đà Sơn 6,Quận Liên Chiểu
Đà Sơn 7,Quận Liên Chiểu
Đà Sơn 8,Quận Liên Chiểu
Khánh An 12,Quận Liên Chiểu
Bàu Mạc 23,Quận Liên Chiểu
Xuân Thiều 34,Quận Liên Chiểu
Xuân Thiều 35,Quận Liên Chiểu
Xuân Thiều 36,Quận Liên Chiểu
Xuân Thiều 37,Quận Liên Chiểu
Xuân Thiều 38,Quận Liên Chiểu
Hòa Mỹ 9,Quận Liên Chiểu
Lưu Trùng Dương,Quận Ngũ Hành Sơn
Mỹ Thị,Quận Ngũ Hành Sơn
Từ Giấy,Quận Ngũ Hành Sơn
Phan Hoan,Quận Ngũ Hành Sơn
Trương Xuân Nam,Quận Ngũ Hành Sơn
Đặng Hồi Xuân,Quận Ngũ Hành Sơn
Bờ Quan 2,Quận Ngũ Hành Sơn
Bờ Quan 3,Quận Ngũ Hành Sơn
Bờ Quan 4,Quận Ngũ Hành Sơn
Bờ Quan 5,Quận Ngũ Hành Sơn
Bờ Quan 6,Quận Ngũ Hành Sơn
Bờ Quan 7,Quận Ngũ Hành Sơn
Bờ Quan 8,Quận Ngũ Hành Sơn
Bờ Quan 9,Quận Ngũ Hành Sơn
Bờ Quan 10,Quận Ngũ Hành Sơn
Bờ Quan 11,Quận Ngũ Hành Sơn
Bờ Quan 12,Quận Ngũ Hành Sơn
Bờ Quan 14,Quận Ngũ Hành Sơn
Hói Kiểng 1,Quận Ngũ Hành Sơn
Hói Kiểng 2,Quận Ngũ Hành Sơn
Hói Kiểng 3,Quận Ngũ Hành Sơn
Hói Kiểng 6,Quận Ngũ Hành Sơn
Hói Kiểng 7,Quận Ngũ Hành Sơn
Hói Kiểng 8,Quận Ngũ Hành Sơn
Hói Kiểng 10,Quận Ngũ Hành Sơn
Hói Kiểng 11,Quận Ngũ Hành Sơn
Hói Kiểng 12,Quận Ngũ Hành Sơn
Hói Kiểng 20,Quận Ngũ Hành Sơn
Hói Kiểng 21,Quận Ngũ Hành Sơn
Hói Kiểng 22,Quận Ngũ Hành Sơn
Hói Kiểng 23,Quận Ngũ Hành Sơn
Hói Kiểng 24,Quận Ngũ Hành Sơn
Hói Kiểng 26,Quận Ngũ Hành Sơn
Hói Kiểng 27,Quận Ngũ Hành Sơn
Hói Kiểng 29,Quận Ngũ Hành Sơn
Hói Kiểng 30,Quận Ngũ Hành Sơn
Hói Kiểng 31,Quận Ngũ Hành Sơn
Hói Kiểng 32,Quận Ngũ Hành Sơn
Hói Kiểng 33,Quận Ngũ Hành Sơn
Lâm Hoành,Quận Sơn Trà
Mỹ Khê 4,Quận Sơn Trà
Trần Bạch Đằng,Quận Sơn Trà
Bàu Hạc 7,Quận Thanh Khê
Bàu Hạc 8,Quận Thanh Khê
Vĩnh Tân,Quận Thanh Khê
Trà Ban 1,Quận Liên Chiểu
Trà Ban 2,Quận Cẩm Lệ
Trà Ban 3,Quận Cẩm Lệ
Dương Sơn 1,Huyện Hòa Vang
Dương Sơn 2,Quận Ngũ Hành Sơn
Dương Sơn 3,Quận Hải Châu
Dương Sơn 4,Quận Hải Châu
Dương Sơn 5,Quận Hải Châu
Dương Sơn 6,Quận Sơn Trà
Dương Sơn 7,Quận Liên Chiểu
Dương Sơn 8,Quận Sơn Trà
Dương Sơn 9,Quận Ngũ Hành Sơn
Dương Sơn 10,Quận Liên Chiểu
Dương Sơn 11,Quận Thanh Khê
La Bông 1,Quận Cẩm Lệ
La Bông 2,Quận Sơn Trà
La Bông 3,Quận Sơn Trà
La Bông 4,Quận Hải Châu
La Bông 5,Quận Ngũ Hành Sơn
La Bông 6,Quận Sơn Trà
Phan Thêm,Quận Sơn Trà
Nguyễn Chí Trung,Quận Ngũ Hành Sơn
Nguyễn Triệu Luật,Quận Ngũ Hành Sơn
Nguyễn Minh Vân,Quận Sơn Trà
Phan Quang Định,Quận Hải Châu
Vũ Phạm Hàm,Quận Hải Châu
Hoàng Phê,Quận Ngũ Hành Sơn
Bàu Nghè 1,Quận Sơn Trà
Bàu Nghè 2,Quận Sơn Trà
Bàu Nghè 3,Quận Hải Châu
Bàu Nghè 4,Quận Liên Chiểu
Bàu Nghè 5,Quận Liên Chiểu
Bàu Nghè 6,Quận Hải Châu
Bàu Nghè 7,III thành phố Đà Nẵng cũ
Bàu Nghè 8,Quận Hải Châu
Bàu Nghè 9,Quận Hải Châu
An Ngãi 1,Quận Liên Chiểu
An Ngãi 2,Quận Sơn Trà
An Ngãi 3,Quận Hải Châu
An Ngãi 4,Quận Ngũ Hành Sơn
An Ngãi 5,Quận Liên Chiểu
An Ngãi 6,Quận Thanh Khê
An Ngãi 7,Quận Sơn Trà
An Ngãi 8,Quận Liên Chiểu
An Ngãi 9,Quận Sơn Trà
